name,hood
AC Hotel Level 7 Kitchen & Rooftop Bar ,Strip District
A Sweet Boutique by Bella Christie & Lilâ Zâs,Lower Lawrenceville
61Z Cafe,Hazelwood
AFC Sushi @ Children's Hospital,Central Lawrenceville
A's 2's / Ace's & Deuce's Lounge,Bluff
A Taste Of India,Bloomfield
941 Saloon,Central Business District
876 Island Spice,East Hills
802 Bean Company,Brookline
77 Cafe' / Guckenheimer Services,South Side Flats
5801 Video Lounge & Cafe,Shadyside
525 Cafe,Central Business District
51 Wings ,Beltzhoover
500 Grant - One Mellon Cafe / Aramark,Central Business District
4121 Main ,Bloomfield
412 Brewery,Allegheny West
3 Minute Fitness Fuel Bar,South Side Flats
Alfred's & Anna's Belvederes ,Central Lawrenceville
Acacia,South Side Flats
Alexander's Italian Bistro,Bloomfield
Alex's Pit Stop II,Homewood South
Alex's Corner Pizza Shop,Bloomfield
Aladdin's Eatery,Squirrel Hill South
Aladdin's Eatery,Lincoln-Lemington-Belmar
Aiello's Pizza,Squirrel Hill South
Acorn ,Shadyside
Abby's Jamaican & American Fusion Cuisine ,Terrace Village
AMF Pittsburgh Bowl,Lincoln Place
AMF Noble Manor Lanes Snack Shop,Oakwood
Allegheny Ice Cream / Lock & Dam Dog Shop,Morningside
Andy's Sushi Bar  Kiosk,Strip District
Amili's Pizzeria,Carrick
American Serbian Club of Pittsburgh,South Side Flats
Altius,Duquesne Heights
Alquisiras Paleteria,Beechview
Alphabet City / Brugge on North,Northview Heights
Allegheny Sandwich Shoppe  #3,Central Business District
Allegheny City Brewing ,East Allegheny
Alla Famiglia,Allentown
Alihan's Mediterranean Cuisine,Central Business District
Antney's Ice Cream,Westwood
Five Guys Burgers & Fries #1926,Bloomfield
Apollo Cafe,Central Business District
Aperitivo Dolce,Strip District
Antoon's Pizza Shop,Central Oakland
Antonios Pizzeria,Brookline
Anthony's Pizza ,Carrick
Angkor,Oakwood
Angelo's Pizzeria,Bloomfield
Angelina's Pizza,Brookline
Niki's Pizza,West End
Heinz Field / Goal Line Stand Rm#538/Vending #539,Troy Hill
New Stanleys Lounge,Homewood North
Noodles & Company,Central Business District
Noodles & Company,Central Oakland
Nola On The Square / PerlÃ©,Central Business District
Nico's Recovery Room,Bloomfield
Nicky's Thai Kitchen III,Central Business District
Nicky's Thai Kitchen,Allegheny West
Nicky's Grant Street,Central Business District
New York Super Subs,Squirrel Hill South
New York Original Hot Dog & Italian Ice ,Central Business District
New Katana,Strip District
New Dumpling House / Sushi Bar,Squirrel Hill South
McFadden's Pittsburgh,North Shore
Italian Village Pizza @ US Steel Tower,Central Business District
North Park Lounge Lawrenceville ,Central Lawrenceville
O'Leary's,South Side Flats
Northeast Bottling,South Side Flats
Nrgize Lifestyle Cafe,Larimer
North Shore Tavern,North Shore
North Shore Deli,East Allegheny
North Shore Cafe Express,Chateau
North Shore Cafe,Chateau
Oishii Bento,Central Oakland
Ocucina,North Oakland
Ocha Thai Noodle ,Central Oakland
Obey House Tavern,Crafton Heights
Oakland Craft House,Central Oakland
O'Brien's Bar,Marshall-Shadeland
Number 1 Sushi Sushi,Central Business District
Number 1 Kitchen,Carrick
Nu Modern Jewish Bistro,Squirrel Hill South
Onyx Inn,South Side Flats
Oxford Market,Central Business District
Over The Bar Bicycle Cafe,South Side Flats
Ormsby Ave Cafe,Mt. Oliver
Original Gyro,Central Oakland
Orient Express,North Oakland
Onion Maiden ,Allentown
One PNC CafÃ© 15th Floor,Central Business District
Omni William Penn Hotel / Tap Room,Central Business District
Omni William Penn Hotel / Main Kitchen,Central Business District
Omni William Penn Hotel / Employee Cafe,Central Business District
Omni William Penn Hotel  / Terrace Room & Speakeasy ,Central Business District
Olive or Twist,Central Business District
Olive Oil's Pizzeria,Brookline
Olive Branch Mediterranean Cuisine,Central Business District
PNC Park / Blockhouse Corner Bar @ Left Field Rotunda,North Shore
PNC Park / Bierbauer's Grille #213 04.15.02,North Shore
PNC Park / 05.52.01 N Shore Refresh #305 & 05.53.01 Vendor #303,North Shore
PNC Park / 05.46.01 Chickie's and Pete's #310,North Shore
PNC Park / 05.415.01 Federal Street Grill #314,North Shore
Panda Express #2873,Lincoln-Lemington-Belmar
PNC Park / 05.25.01 N Shore Refresh #328 & 05.24.01 Vendor #329,North Shore
PNC Park / 05.19.01 Federal Street Grill #332,North Shore
PNC Park / 04.53.01 All You Can Eat  #201-205,North Shore
PNC Park / 022001 Cold Beer Here #130,North Shore
PNC Park / 02.50.01 Sweet Spot #107 Ice Cream,North Shore
PNC Park / 02.47.01Primanti Brothers #110,North Shore
PNC Park / 02.47.01 NSR #108 / Quaker Steak & Lube #109,North Shore
PNC Park / 02.44.01-02 N Shore Refreshments #114 &Vendor #113,North Shore
PNC Park / 02.33.01 N Shore Refreshments #119/Ice Cream  ,North Shore
PNC Park / 02.30.01 Federal Street Grill #120,North Shore
PNC Park / 02.28.01 N Shore Refreshments #123,North Shore
PNC Park / 02.25.01 Federal Street Grill #127,North Shore
PNC Park / 02.23.01 N Shore Refreshments #128/02.218.01 Vend #129-Port #130,North Shore
PNC Park / 02.19.02 Pops' Plaza #131-134,North Shore
PNC Park / 01.64.02 Manny's Bar-B-Q,North Shore
PNC Park / 01.59.01 Riverwalk Grill #144,North Shore
PNC Park / 01.57.01 N Shore Refreshments #146 & 01.57.02 Portable #148,North Shore
PNC Park / 01.19.11 Bucaroos  ,North Shore
PNC Park / 01.08.02 N Shore Refreshments #135,North Shore
PNC Park  / 05.49.01 N Shore Refreshments #307,North Shore
PNC Park  / 05.33.01 N Shore Refreshments #318,North Shore
PNC Consumer Loan Center Cafe ,Strip District
PGH Halal Food Kiosk ,North Oakland
PPG PAINTS Arena Smokehouse / Burgatory Bar,Crawford-Roberts
PPG PAINTS Arena Quaker Steak & Lube BP3P,Crawford-Roberts
PPG PAINTS Arena Make #111,Crawford-Roberts
PPG PAINTS Arena Make #101,Crawford-Roberts
PPG PAINTS Arena Lexus Club,Crawford-Roberts
PPG PAINTS Arena Labatt Bar & Turnpik Tavern #106 B & #108B,Crawford-Roberts
PPG PAINTS Arena Key Bank Club Bar #102,Crawford-Roberts
PPG PAINTS Arena Jim Beam Rackhouse #118,Crawford-Roberts
"PPG PAINTS Arena Emporio, Classics (Rm #223)",Crawford-Roberts
PPG PAINTS Arena Classics Yuengling Brewing Co & Kreas #116,Crawford-Roberts
"PPG PAINTS Arena Classics #231 #232, Blaze, TL & C",Crawford-Roberts
PPG PAINTS Arena Center Bistro #113 & #115,Crawford-Roberts
PPG PAINTS Arena Captain Morgan Bar #112,Crawford-Roberts
"PPG PAINTS Arena Blaze #107, Loaded #108, Classics #109 & In-Seat Service",Crawford-Roberts
PNC Sandwich Shop/Cafe @ Two PNC Plaza,Central Business District
PNC Park / The Market #117,North Shore
PNC Park / Terrace Bar #317,North Shore
PNC Park / Tenders Love & Chicken #210 04.47.01 ,North Shore
PNC Park / Skull Bar #101,North Shore
PNC Park / Press Dining Kitchen 01.32.03 ,North Shore
PNC Park / Pirates Players Lounge ,North Shore
PNC Park / Loop & Kernel,North Shore
PNC Park / Keystone Corner Bar 04.24.02 & Pantry #225,North Shore
PNC Park / In-Seat Service 00.34.01 ,North Shore
PNC Park / IL Forno,North Shore
PNC Park / Hyundai Club,North Shore
PNC Park / Crow's Nest Bar #130,North Shore
PNC Park / Craft & Carved,North Shore
PNC Park / Club Cambria,North Shore
PNC Park / Club 3000 04.48.01 & Pantry #207-208,North Shore
PNC Park / Burger Kitchen &  Bev Wall #115,North Shore
Panera Bread #4003011,Lincoln-Lemington-Belmar
Pamela's Restaurant / La Feria,Shadyside
Pamela's P&G Upstreet ,Squirrel Hill South
Pamela's P&G Diner (Strip),Strip District
Pamela's P&G Diner (Oakland),Central Oakland
Palumbo Center Stand #3,Bluff
Palumbo Center Stand #2,Bluff
Palumbo Center Stand #1,Bluff
Palmyra Mediterrenean Food,Central Business District
Paisano's,Allentown
Page Dairy Mart,South Side Flats
Pad Thai Noodle,North Oakland
Pad Thai Noodle,Bloomfield
Packs & Dogs,Mount Washington
Pabellon,Banksville
PPG PAINTS Arena The Milk Shake Factory #107C,Crawford-Roberts
PPG PAINTS Arena The Butcher's Dogs #229 & #230,Crawford-Roberts
"PPG PAINTS Arena Suite Pantry #P4A, #P4B",Crawford-Roberts
PPG PAINTS Arena Suite Kitchen Rm #P4D,Crawford-Roberts
Panera Bread #4003050,Larimer
Panera Bread #4003030,Shadyside
Panera Bread #4003025,Central Oakland
Paris 66,Shadyside
Park Bruges,Highland Park
Park Place Pub,Highland Park
"Peace, Love & Little Donuts",Strip District
Pauline's Caribbean Soul Cuisine,Central Northside
Patty Jo's,Carrick
"Pastoli's Pizza, Pasta & Paisans",Squirrel Hill South
Parker's PGH,Brookline
Park Pizza & Ice Cream,Regent Square
Park House,East Allegheny
Pesaro's Pizza,Central Lawrenceville
Penn Aiken Dairy,Garfield
Petersen Events Ctr / Hardwood Cafe,North Oakland
Petersen Events Ctr / Fastbreak #2,North Oakland
Petersen Events Ctr / Fastbreak #1,North Oakland
Petersen Events Ctr / Coaches Corner,North Oakland
Petersen Events Ctr / Chick-Fil-A,North Oakland
Petersen Events Ctr / Burrito Bowl,North Oakland
Petersen Events Ctr / Baseline Grill,North Oakland
Peter Allen's Italian,Central Business District
Peppi's,Central Business District
Peppi's,Point Breeze North
Peppi's,Strip District
Peppi's,Allegheny West
Peoples Indian Restaurant,Garfield
Pennsylvania PA Market,Strip District
Penn Station East Coast Subs,Central Business District
Penn Station East Coast Sub,Bloomfield
Penn Cove Eatery / The Warren  ,Central Business District
Penn Brewery First Avenue Tap Room,Central Business District
Penn Brewery,Troy Hill
Penn Ave Fish Co,Strip District
Renaissance Pittsburgh / Braddock's American Brasserie,Central Business District
Pino's Mercato,Point Breeze
Rivers Casino / Grand View Buffet Ser #1,Chateau
Razzy Fresh Frozen Yogurt,Central Oakland
Pigeon Bagels,Squirrel Hill South
Pie For Breakfast,North Oakland
Pie Express ,Central Oakland
Piccolo Forno,Lower Lawrenceville
Piada Italian Street Food,Central Oakland
Pho Van,Strip District
Pho Minh Vietnamese Cuisine,Garfield
Subway Sandwiches & Salads #21414,South Side Flats
The Underground @ Morewood Gardens Residence Hall,Squirrel Hill North
The Pear & The Pickle Market & Cafe,Troy Hill
Petersen Events Ctr / Sweet 16,North Oakland
Petersen Events Ctr / Campus View Club & Pantry Rm#4033,North Oakland
Northeastern Kitchen,Squirrel Hill South
Ali Baba Authentic Middle Eastern Food ,North Oakland
Gateway Clipper / Dock & Commissary,South Shore
PPG PAINTS Arena Suite #66,Crawford-Roberts
"PPG PAINTS Arena Southern Tier, Blaze, Classics Rm#211, #212",Crawford-Roberts
PNC Park / Bridges Burger #222 04.28.03 & Beer Cooler 04.26.06,North Shore
P Town,Bloomfield
The No Name Cafe,Brookline
The New J R's,East Allegheny
The New Hazlett Theater,Allegheny Center
The Mintt,Banksville
The Milk Shake Factory ,Central Business District
The Milk Shake Factory ,East Liberty
The Milk Shake Factory,Central Oakland
The Melting Pot,South Shore
The Lunch Box,Central Northside
The Original Oyster House,Central Business District
The Mattress Factory / Box Spring CafÃ©,Central Northside
The Milk Shake Factory ,South Side Flats
The Huddle,Beechview
The Grind,Central Business District
The Foundry,North Shore
The Cricket Lounge,Bloomfield
The Corner Cafe,West Oakland
The Library,South Side Flats
The Flats On Carson,South Side Flats
The Colombian Spot,South Side Flats
The Cheesecake Factory,South Side Flats
The Cellar on Penn,Strip District
The Carrick Inn,Carrick
The Carlton,Central Business District
The Cafe @ The Frick Art Center,Point Breeze
The Boulevard Lounge,Brookline
The Beerhive,Strip District
The Bagel Factory,Squirrel Hill North
The Alpine,Beechview
The Bureau,East Liberty
Thai Place II,Lincoln-Lemington-Belmar
Thai Me Up,South Side Flats
Thai Gourmet,Bloomfield
Thai Cuisine,Bloomfield
Thai & Noodle Outlet,Squirrel Hill North
Tan Lac Vien ,Squirrel Hill South
Tammy's Place,Troy Hill
Tamarind Flavor Of India,North Oakland
Tamarind Express,Central Business District
Talia Cucina & Rosticceria,Central Business District
Taco Bell / Pizza Hut Express #31620,Lincoln-Lemington-Belmar
Tana Ethiopian Cuisine,East Liberty
Take A Break Bar,Lower Lawrenceville
Azorean Cafe,Bloomfield
August Wilson Center / African American Cultural Center,Central Business District
August Henry's City Saloon,Central Business District
Au Bon Pain #103 @ US Steel Tower Concourse ,Central Business District
Atwood Cafe,Central Oakland
Atria's Kookaburra Kitchen @ The National Aviary ,Allegheny Center
Atelier De Fer,Strip District
Astroid Cafe,South Side Flats
Marriott City Center / Steelhead Brasserie & Crafted North,Crawford-Roberts
Panera Bread #4003024,Central Oakland
Ace Hotel Pittsburgh / Whitfield Restaurant ,East Liberty
Texas de Brazil Churrascaria ,Central Lawrenceville
Heinz Field / Primanti Brothers Rm#110,Troy Hill
Heinz Field / Potato Patch #106,Troy Hill
Heinz Field / Pgh Pierogi House 119,Troy Hill
Heinz Field / Old Allegheny Cafe Rm#239,Troy Hill
Heinz Field / Old Allegheny Cafe Rm#215/Vending#216,Troy Hill
Heinz Field / Los Rios 151S,Troy Hill
Heinz Field / Italian Market Rm#206,Troy Hill
Heinz Field / Italian Market #230/Vending#229,Troy Hill
Heinz Field / Hickory Bridge Rm#129,Troy Hill
Heinz Field / Heroes Bar Rm#128/Vending #127,Troy Hill
Heinz Field / 310 Concession & #308#311#307,Troy Hill
Heinz Field / Steel City Grill Rm#209,Troy Hill
Heinz Field / West Club Bar / Room #231#235#240#237#238,Troy Hill
Heinz Field / Quaker Steak & Lube Rm#112,Troy Hill
Heinz Field / Primanti Brothers Rm#132,Troy Hill
Heinz Field /  Hickory Bridge BBQ #426,Troy Hill
Heinz Field / Grid Iron Grill Rm#533,Troy Hill
Heinz Field / Champion's Club Grill C149,Troy Hill
Heinz Field / Goal Line Stand Rm#134,Troy Hill
Heinz Field / Goal Line Stand Rm#130,Troy Hill
Heinz Field / Goal Line Stand Rm#124,Troy Hill
Heinz Field / Goal Line Stand Rm#120,Troy Hill
Heinz Field / Grid Iron Grill Rm#509,Troy Hill
Heinz Field / Franco's Italian Sausage 146S,Troy Hill
Heinz Field / Goal Line Stand Rm#511,Troy Hill
Heinz Field / Goal Line Stand Rm#508,Troy Hill
Heinz Field / Goal Line Stand Rm#424,Troy Hill
Heinz Field / Goal Line Stand Rm#138,Troy Hill
Heinz Field / Goal Line Stand Rm#108,Troy Hill
Heinz Field / Goal Line Stand RM#114,Troy Hill
Heinz Field / Burgatory 147S,Troy Hill
Heinz Field / Amp-VIP Catering Tent,Troy Hill
Heinz Field / 305 Concession,Troy Hill
Heinz Field / East Club Bar Rm#207#211#214#204#205,Troy Hill
Heinz Field / Chickie & Pete's #136,Troy Hill
Heinz Field / Champion's Club Pantry,Troy Hill
Heinz Field / Champion's Club Main Bar C148,Troy Hill
Heinz Field / Champion's Club Italian Station C151,Troy Hill
Heinz Field / Grid Iron Grill Rm#122,Troy Hill
Heinz Field / Goal Line Stand Rm#535,Troy Hill
Heinz Field / Goal Line Stand Rm#531,Troy Hill
Heinz Field / Goal Line Stand Rm#513,Troy Hill
Heinz Field / Champion's Club Grab-N-Go C150,Troy Hill
Heinz Field / Steel City Grill Rm#236,Troy Hill
That's Amore Pizzeria ,Upper Lawrenceville
The Abbey On Butler Street,Central Lawrenceville
The Allegheny Wine Mixer,Upper Lawrenceville
The Butterwood Bake Consortium,Upper Lawrenceville
The Church Brew Works,Lower Lawrenceville
The Forge PGH,Lower Lawrenceville
The Goldmark,Central Lawrenceville
Piazza Talarico & Papa Joeâs Wine Cellar,Lower Lawrenceville
Choolaah Indian BBQ,Shadyside
Fuel & Fuddle,Central Oakland
Fu Lai,Central Business District
Leo,Manchester
1311,South Side Flats
1613 Saloon,Carrick
100 Wood Cafe,Central Business District
23rd & Vine,South Side Flats
AMF Noble Manor Lanes,Oakwood
Allegheny HYP Club,Central Business District
All India ,North Oakland
Arby's #1203,Westwood
Apteka ,Bloomfield
Aprimo Pizza,Knoxville
Asia Tea House,North Oakland
Ash & Kris Pizza,Central Oakland
Archie's,South Side Flats
Arby's #8133,Central Oakland
Arby's #8079,Bloomfield
Arby's #8436,Central Business District
Arepittas,Central Business District
Argo Ai Employee Cafeteria,Strip District
Armand's Bar,Bloomfield
Arby's #42,Banksville
Arnold's Tea,East Allegheny
Art's Tavern,Strip District
Artisan Sandwich Works,Central Oakland
Artisan Cafe ,Garfield
Arsenal Cider House & Wine Cellar ,Lower Lawrenceville
B P O E / Elks Club #339 Allegheny,East Allegheny
BFG CafÃ©,Garfield
Bar Botanico,Central Lawrenceville
Banh Mi & Ti,Central Lawrenceville
B52,Upper Lawrenceville
Baby Loves Tacos  ,Bloomfield
Bar 11,South Side Flats
BD's Mongolian Grill,South Side Flats
Back Door Lounge,Carrick
Badamo's Pizza ,Central Northside
Bae Bae's Cafe,Central Business District
Bae Bae's Kitchen,Central Business District
Bakersfield ,Central Business District
Bantha Tea Bar,Bloomfield
Bar Louie #1601,North Shore
Bar Marco @ the Firehouse,Strip District
Barnes & Noble Booksellers #2898,Lincoln-Lemington-Belmar
Barnes & Noble Bookstore Cafe,Bluff
Bea Taco Town #1,Central Business District
Barb's Country Kitchen,Central Lawrenceville
Bea Taco Town #2,Central Business District
Bartram House Bakery & Cafe,South Side Flats
"Beer, Lime & Sunshine",Central Business District
Bella Notte,Strip District
Benedum Center for the Performing Arts ,Central Business District
Bengal Kabab House,Central Oakland
Berry Fresh ,Squirrel Hill South
Beta Bites ,Central Oakland
Beto's Pizza,Beechview
Bier's Pub,Allegheny West
Big Daddy's Donuts,Central Business District
Big Easy Dog Daze & Cafe,Upper Lawrenceville
Benny Fierro's ,South Side Flats
Big Shot Bob's House of Wings ,South Side Flats
Big Jim's,Greenfield
Big Shot Bob's House Of Wings,Beechview
Big Shot Bob's House of Wings ,Bloomfield
Bigham Tavern,Mount Washington
Bill's Bar & Burger,Central Business District
Bistro To Go,East Allegheny
Bitter Ends Garden & Lucheonette,Bloomfield
Black Beauty Lounge,Middle Hill
Birmingham Bridge Tavern,South Side Flats
Blend Bar with Davidoff Cigars,Central Business District
Blue Moon On Butler St,Upper Lawrenceville
Blinky's Noble Grill & Bar,Oakwood
Blue Flame Cafe @ Peoples Center ,North Shore
Bluebird Kitchen,Central Business District
Bluebird Kitchen,Central Business District
Bob's Sub,Central Business District
Bonfire Food & Drink,South Side Flats
Bobby's Lounge,Bon Air
Boba Tea Bar,Central Lawrenceville
Bootlegger's,Central Oakland
Bosphorus Mediterranean Cuisine,Regent Square
Boston Market #0270,Bloomfield
Boulevard Deli,Central Business District
Breakfast at Shelly's ,Allentown
Brick Shop @ TRYP Hotel,Central Lawrenceville
Brewer's Hotel,Lower Lawrenceville
Bruegger's Bagel Bakery,Shadyside
Brighton Cafe,Brighton Heights
Brillobox,Bloomfield
Brewski's,South Side Flats
Bruegger's Bagel Bakery,South Side Flats
Brighton Hot Dog Shoppe,Oakwood
Brookline N Sinker Bar ,Brookline
BrewDog Pittsburgh,Shadyside
Bruegger's Bagel Bakery,Central Business District
Bruegger's Bagel Bakery,Central Business District
Bruegger's Bagel Bakery,Squirrel Hill South
Bruegger's Bagel Bakery #102,Central Business District
Bridges & Bourbon,Central Business District
Buca Di Beppo,South Shore
Buckhead Saloon,South Shore
Bud's Place,Carrick
Buford's Kitchen / Uptown,Bluff
Burger King #4192,South Side Flats
Bull River Taco Squirrel Hill,Squirrel Hill South
Bulldog Pub & Grill,Morningside
Buon Giorno Cafe,Central Business District
Burgatory,Lincoln-Lemington-Belmar
Burgatory / North Shore,North Shore
Burger King #22816,Central Business District
Burger King #24061,Central Business District
Burger King #3855,Carrick
Burn by Rocky Patel Cigar Bar,North Shore
Business Leader Bistro @ Duquesne / Rockwell 6th Floor,Bluff
Butcher & The Rye,Central Business District
Byham Theater,Central Business District
Burgh'ers ,Lower Lawrenceville
Cafe Du Jour,South Side Flats
C & D's Kitchen,Hazelwood
CHiKN,Central Oakland
CMU / Cohon Center / Au Bon Pain @ Skibo Cafe,Squirrel Hill North
CMU / Enrico's Tazza D'Oro,Squirrel Hill North
CMU / Fine Arts / Zebra Lounge ,Squirrel Hill North
CMU / Newell-Simon Hall / I - Noodle,Squirrel Hill North
CMU / Resnik House / Nakama Express ,Squirrel Hill North
CMU / Resnik House / Taste of India  ,Squirrel Hill North
CMU / Tepper Quadrangle / Enrico's Tazza D'Oro,Squirrel Hill North
CMU / Wean Hall / La Prima Espresso,Squirrel Hill North
Cafe 1923,North Oakland
Cafe 33 Taiwanese Bistro ,Squirrel Hill South
Cafe 412,West End
Cafe Cravings,Mount Washington
Cafe Fifth Avenue,Bluff
Cafe Milano,Central Business District
Cafe Moulin,Shadyside
Cafe Nico's,Mount Washington
Cambria Suites @ PPG Arena - Social Circle ,Crawford-Roberts
Cafe Rachel at Chatham University (Woodland Hall),Squirrel Hill North
Cafe at the Point,Strip District
Cafe Raymond,Strip District
Cafe Phipps,North Oakland
Cafe Zinho,Shadyside
Cafe at the Lofts,Troy Hill
Cafe on the Corner,Marshall-Shadeland
Caffe Mona La Bistro,Bloomfield
Caffe D' Amore,Upper Lawrenceville
Cambod - Ican Kitchen,South Side Flats
Capri Pizzeria & Bar,East Liberty
Capezzuto's Pizza,Greenfield
Caliente Pizza & Draft House,Bloomfield
Campus Deli,Central Oakland
Capital Grille #8031,Central Business District
Cappy's Cafe,Shadyside
Caprioni's Pizzeria,Greenfield
Carnegie Museum / Cafe Carnegie ,North Oakland
Carnegie Museum / Fossil Fuels Cafe,North Oakland
Cattivo,Central Lawrenceville
Carmella's Plates & Pints,South Side Flats
Carmi Soul Food ,South Side Flats
Carson City Saloon,South Side Flats
Carson Street Deli,South Side Flats
Casey's Draft House,South Side Flats
Casbah,Shadyside
Casa Brasil,Highland Park
Cavo,Strip District
Centanario Mexican Grill ,Central Oakland
Cerasoli Pizzeria,Marshall-Shadeland
Cestone's Pizza,Mount Washington
Characters ,Carrick
Cheerleaders,Polish Hill
Chan An Restaurant,South Side Flats
Chateau Cafe & Cakery,Chateau
Chatham University / Eastside Cafe,Larimer
Chaya Japanese Cuisine,Squirrel Hill South
Chelsea's Pizza,Strip District
Chengdu Gourmet,Squirrel Hill South
Cherries Diner,Central Business District
Chick N' Grille,Central Oakland
Chick'n Bubbly,Central Oakland
Chick-Fil-A @ Liberty Center,Central Business District
Chick-Fil-A @ One Oxford Building,Central Business District
Chinatown Inn,Central Business District
Chicken Latino,Strip District
Chief's Cafe,North Oakland
Chili's Grill & Bar #1152,Lincoln-Lemington-Belmar
China Lin,Upper Lawrenceville
China Buffet King,Westwood
China Garden Buffet,East Liberty
Chicken Plus,East Liberty
China House,Bloomfield
China Star,Greenfield
China Taste,East Allegheny
China Wok,Bluff
Chipotle Mexican Grill #1146,Bloomfield
Chipotle Mexican Grill #1533,Central Business District
Chipotle Mexican Grill #2410,North Oakland
Chipotle Mexican Grill #2655,Lincoln-Lemington-Belmar
Chipotle Mexican Grill #863,Central Oakland
Cinderlands Beer Co,Lower Lawrenceville
Christo's Mediterranean Grille,Central Business District
Christopher A Smith Terrace,Bedford Dwellings
Chubby's Pizza & Hoagies,Brighton Heights
Cilantro & Ajo,South Side Flats
Chipotle Mexican Grill #2126,Shadyside
Cinderlands Warehouse,Strip District
Cioppino / Osteria 2350,Strip District
City Fresh Pasta @ Nova Place ,Allegheny Center
City Theatre,South Side Flats
City View Event Center LLC,South Shore
City Works,Central Business District
Clark Bar & Grill,North Shore
Coca Cafe,Lower Lawrenceville
Club Cafe,South Side Flats
Clean Juice East Liberty,East Liberty
Coach's Bottleshop & Grille,Banksville
Community Kitchen Pittsburgh ,Hazelwood
Cobra,Bloomfield
Colony Cafe,Strip District
Cold Stone Creamery #1696,Lincoln-Lemington-Belmar
Cold Stone Creamery #21109,Squirrel Hill South
Con Alma,Shadyside
Courtyard by Marriott Bistro Shadyside,Bloomfield
Courtyard Pgh Downtown/The Bistrol & Market,Central Business District
Cork & Kale @ Even Hotel,Central Business District
Condado Tacos,Central Business District
Condrin's Tavern,Bloomfield
Craftwork Kitchen @ US Steel Tower,Central Business District
Controversy,South Shore
Condado Tacos,Central Lawrenceville
Coriander,Squirrel Hill South
Conley's Bar,Upper Lawrenceville
Cosmo on Carson,South Side Flats
Corner Cafe,South Side Slopes
Crafton Ice Cream Delight ,Elliott
Corner Mercantile ,Central Business District
Couch Brewery,Larimer
Coughlin's Law Kitchen & Ale House,Mount Washington
Crabs R Us,Squirrel Hill North
Crazy Mocha,South Shore
Crazy Mocha @ One Gateway Center,Central Business District
Crazy Mocha,Central Business District
Crazy Mocha,Central Business District
Crazy Mocha @ Alcoa Building,Central Business District
Cure ,Upper Lawrenceville
Cupka's Cafe,South Side Flats
Crazy Mocha @ One Mellon Center,Central Business District
Cup Ka Joe,South Side Flats
Crazy Mocha @ Steel Plaza T Station,Central Business District
Cupka's Cafe II,South Side Flats
Crust Almighty,Strip District
Cucina Vitale,South Side Flats
Craig's Cocktails,Sheraden
Crazy Mocha North Side,Central Northside
Crazy Mocha Baum Blvd,Friendship
Crepes Parisiennes,North Oakland
Croatian National Hall ,East Allegheny
DLCC / Hall E Concession (1B09),Central Business District
"DLCC / Hall A2 & Pantry A1; (2F08, 2F32) ",Central Business District
DLCC / Hall B Concession (2D28),Central Business District
DLCC / Hall C Concession (2B05) ,Central Business District
DLCC / Hall D Concession (1B11),Central Business District
DJ's on 18th,South Side Flats
Dairy Queen,South Side Flats
Dancing Crab Too,South Side Flats
Dancing Crab Noodle House,South Side Flats
D-Bo's Hot Dog Shop,Sheraden
DJ's,Homewood North
Dale's Bar & Grill II,Greenfield
Daphne Cafe,Shadyside
Darbea's Tavern,Troy Hill
Dave & Andy's Homemade Ice Cream,Central Oakland
Deli on Butler,Central Lawrenceville
DeLuca's Restaurant,Strip District
Dee's Cafe,South Side Flats
Denise & Earl's,Homewood North
Desalla Pizza,Allentown
DiAnoia's Eatery,Strip District
DiBellas Old Fashioned Submarines,Central Business District
Difiore's Cream Delite,Mount Washington
Diners 2+1 ,Squirrel Hill South
Dive Bar & Grille,Upper Lawrenceville
Dijlah Restaurant & Cafe ,Central Lawrenceville
Doce Taqueria,South Side Flats
Domino's Pizza #4418,South Side Flats
Dive Bar & Grille,South Side Flats
Dive Bar & Grille,Regent Square
Dish Osteria & Bar,South Side Flats
Dobra Tea,Squirrel Hill South
Dinette,Shadyside
Domino's Pizza,East Liberty
Domino's Pizza,North Oakland
Domino's Pizza,Central Business District
Domino's Pizza #3275,Bon Air
Don's Diner,Marshall-Shadeland
Drury Plaza Hotel - 4th District Bar,Central Business District
Doubletree Hotel / Bigelow Grille,Central Business District
Donny's Place,Polish Hill
Driftwood Oven,Lower Lawrenceville
Donut Connection,Carrick
Double Door Saloon,Carrick
Double Wide Grille,South Side Flats
Donnie's Honeydew,Homewood South
Dreams BBQ,Homewood South
Doug's Den,Carrick
Dunkin Donuts #349884,Carrick
Dulembas Bar,Bloomfield
Dunbar's Place,South Side Flats
Dunkin Donuts  #358499 / Baskin Robins ,Bloomfield
Dunkin Donuts #346772,Central Business District
Dubby's Diner,Homewood South
Dunkin Donuts #348440,Squirrel Hill South
Dunkin Donuts #348524 ,Squirrel Hill North
Dunkin Donuts #348700,North Oakland
Dunkin Donuts #348993,Central Business District
Dunkin Donuts #350878,Bon Air
Duquesne Club,Central Business District
Eadie's Kitchen,Central Business District
Eadie's Market,Central Business District
Earth Inspired Salads,Central Business District
Earth Inspired Salads @ EQT Plaza ,Central Business District
Eat'n Park #11,Squirrel Hill South
East End Brewing Company / Larder ,Larimer
Duolingo Employee Cafeteria ,East Liberty
Eat'n Park Banksville #14,Banksville
Eat'n Park Restaurant #87,Lincoln-Lemington-Belmar
Duquesne Club Fitness Center,Central Business District
Eatalian Em Pizzeria,Beltzhoover
Embassy Suites Breakfast / Ollie's Gastropub / Elevation Restaurant ,Central Business District
Eatunique,North Oakland
Eco Bistro @ Nova Place,Allegheny Center
Eddie Merlots,Central Business District
Eddie V's Prime Seafood #8518,Central Business District
Edgar's Best Tacos in PGH @ PA Market ,Strip District
Egghead's Saloon,Brookline
Eggs & Moore,Arlington
Eleventh Hour Brewing,Lower Lawrenceville
Eddie's Pizza Haus,Morningside
Eggs-R-Us,Oakwood
"Eighteen, The Cafe At Pinskers",Squirrel Hill South
Einstein Bros Bagels #4055,Bloomfield
Einstein Bros Bagels #4057,Central Business District
Einstein Bros Bagels @ Koppers,Central Business District
El Burro Comedor,Central Northside
El Paisano & BBQ Stand,Beechview
Elements Cafe @ Google Bakery Square ,Larimer
Eleven,Strip District
Eliza Hot Metal Bistro @ Hotel Indigo,South Oakland
Fairmont Pgh / Fl .2 Restaurant / Andy's,Central Business District
Emerson's ,Central Business District
Emiliano's Mexican Restaurant,Bloomfield
Espresso A Mano,Lower Lawrenceville
Emiliano's Mexican Grill & Bar,South Side Flats
Engineers' Society Of West Pa,Central Business District
Excuses Bar & Grill,South Side Flats
Enrico's Cafe,Strip District
Enrico's Tazza D'oro Cafe,Highland Park
Evergreen Cafe,Point Breeze
Ephesus Mediterranean Restaurant,Central Business District
Erin's Fine Foods Deli,Central Business District
Essie's Original Hot Dog Shop,North Oakland
Everest Kitchen,Beltzhoover
Everyday Noodles,Squirrel Hill North
Everyday's A Sunday,Garfield
Fancypants Popcorn,Central Business District
Fazio's Pizza,Bloomfield
Federal Building Employee Cafeteria,Central Business District
Federal Galley,Allegheny Center
Federated Investors Employee Cafeteria,Central Business District
Fin McCools,South Side Flats
Fat Angelo's Pizza,South Side Flats
Fat Heads South Shore Saloon,South Side Flats
Fish Nor Fowl,Garfield
Fire Side Public House,East Liberty
Fifth Avenue Beanery,Central Business District
Fig & Waffle,Shadyside
Fiori's Pizza,Brookline
Firstside Cafe @ PNC Firstside Center,Central Business District
Five Guys Burgers & Fries #1665,Central Business District
Five Guys Burgers & Fries #61,Lincoln-Lemington-Belmar
Five Guys Burgers & Fries #76,North Oakland
Flamer's Grill @ 5th Ave Place Arcade Shops,Central Business District
Flavors Famous Street Food,Marshall-Shadeland
Fogo de Chao,Central Business District
Food For Thought,North Oakland
Forbes Gyro,Central Oakland
Forbes Tavern,Central Business District
Fox's Pizza,Mount Washington
Fox's Pizza Brookline,Brookline
Fox's Pizza Lawrenceville,Central Lawrenceville
Frances / Franks Bar & Grill,Shadyside
Frio Creamery,Central Lawrenceville
Frankies Extra Long,Lower Lawrenceville
Frank & Shirley's Restaurant,Overbrook
Franktuary Lawrenceville,Lower Lawrenceville
Foxtail,South Side Flats
Frank's Pizza & Chicken,Troy Hill
Frankie Bunz,Squirrel Hill South
Frenchi's Deli,Central Oakland
Fresh Corner,Central Business District
Freshens ,Bluff
Freshii,Central Business District
Friendship Perk & Brew,Bloomfield
Froggy's Bar,Bloomfield
Gateway Clipper / Three Rivers Queen,South Shore
Gateway Clipper / Duchess,South Shore
Fujiya Ramen,Shadyside
Gateway Clipper / Empress,South Shore
Fuku Tea ,Central Oakland
Gateway Clipper / Princess,South Shore
Gateway Clipper / The Countess,South Shore
Gateway Clipper / The Majestic,South Shore
G/M Dog N'Burger Shoppe,Bloomfield
Gabriella's,South Side Flats
Full Pint Wild Side ,Upper Lawrenceville
Games N' at,South Side Slopes
Gennaro's Pizza,South Side Flats
Garvey's,South Side Slopes
Galaxy / D & C Sandwich Express,Homewood South
Gametime Tavern,Spring Garden
Garage Door Saloon ,Central Oakland
Gary's Restaurant,Carrick
Gaucho Parrilla Argentina,Strip District
Gene's Place,Central Oakland
Genoa Pizza & Bar,Central Business District
GetGo #3064,Bloomfield
Gi-Jin,Central Business District
Geppetto Cafe,Central Lawrenceville
Ginza Japanese Restaurant,Bloomfield
Giorgio's Place,Allegheny West
Giovanni's Pizza & Pasta,Central Business District
Giovanni's Pizza & Restaurant,Bluff
Girasole,Shadyside
Golden Palace Buffet,Central Oakland
Gooski's,Polish Hill
Gorman's Pub ,Bon Air
Grand Brew,Mount Washington
Grand Concourse Restaurant & Gandy Dancer Saloon,South Shore
Green Front Inn,South Side Flats
Grandma B's Cafe 15219,Middle Hill
Grandview Saloon & Coal Hill Steakhouse,Mount Washington
Grant St Tavern,Central Business District
Grapperia,Lower Lawrenceville
Graziano's Pizzeria,Central Lawrenceville
Green Pepper,Squirrel Hill South
Greyhound Lines Food Service,Central Business District
Hampton Inn & Suites Restaurant,Strip District
Hamsah,Greenfield
Heights Tavern,Crafton Heights
Hanini Market,Carrick
Hank's Hotdogs Too,Brookline
Hapa Hawaiian Grill,Bluff
Happy Day Dessert Factory,Allegheny West
Hard Rock Cafe ,South Shore
Harris Grill,Shadyside
Harris Grill,Central Business District
Heinz Field / Francos Pizza + Pub 33,North Shore
Heinz Field / Pierogi Club East 204A,Troy Hill
Heinz Field / Pierogi Club West,Troy Hill
Heinz Field / Steel City Grill #212,Troy Hill
Hello Bistro #2,South Side Flats
Hilton Garden Inn / The Garden Grille & Bar,Central Oakland
Heinz Hall Main Kitchen & Bar,Central Business District
Heinz Field / Steel City Grill Rm#233,Troy Hill
Hello Bistro #1,Central Oakland
Hello Bistro #3,Central Business District
Hemingway's Cafe,North Oakland
Hi Sound Karioke,Squirrel Hill North
Hidden Harbor @ The Independenent ,Squirrel Hill South
Highmark Blue Cafe,Central Business District
Hilltop Tavern,Allentown
Hilltoppers Pub,Troy Hill
Hisui Sushi @ Duquesne University,Bluff
Hisui Sushi @ PNC One ,Central Business District
Hisui Sushi @ Point Park University,Central Business District
Hokkaido Seafood Buffet,Squirrel Hill South
Homerun Harry's,South Shore
Homewood Suites Restaurant,Strip District
Hong Kong Express II,Central Business District
Hop Farm Brewing Company,Upper Lawrenceville
Hofbrauhaus,South Side Flats
Hookah Bookah,South Side Flats
"Hook, Fish & Chicken",Central Northside
Hough's Taproom,Greenfield
"Hook, Fish & Chicken",Homewood West
Hoople's Public House,Carrick
Hop's Place,Marshall-Shadeland
Hotel Monaco / Biergarten / 9th Floor,Central Business District
Hotel Monaco / The Commoner Restaurant & Bar,Central Business District
Hotel Terrace Hall Restaurant,Middle Hill
Hyatt House / Shadyside Restaurant,Bloomfield
Hyatt House Southside Works Restaurant,South Side Flats
Hyatt Place 24/7 Gallery Restaurant,North Shore
How Lee,Squirrel Hill South
Hunan Wok,Carrick
Howard's Park Place Pub,Point Breeze
Howard's Pub,Central Business District
Howl at the Moon,Central Business District
Howler's,Bloomfield
Hunan Chinese & Bubble Tea -Smoothie,Central Oakland
Hug Thai Restaurant ,Central Lawrenceville
Huszar Hungarian Bar & Grill ,East Allegheny
Hyde Park Prime Steakhouse,North Shore
I Tea Cafe,Shadyside
IHOP Restaurant # 3238,Squirrel Hill South
Ichiban Steakhouse,Lincoln-Lemington-Belmar
Inkwell,Central Lawrenceville
Independent Brewing Company,Squirrel Hill South
Industry Public House,Central Lawrenceville
India Palace Cuisine,Central Business District
Italian Village Pizza,Hazelwood
Indian Spices,Central Business District
Ineffable Ca Phe,Lower Lawrenceville
Insomnia Club & Banquet Hall,Brookline
Iron Born Pizza - Strip District ,Strip District
Irrawaddy Poke ,Central Business District
Isabella St Cafe,North Shore
Isaly's,East Allegheny
Istanbul Grill @ US Steel Tower,Central Business District
It's Dogg'n It,Squirrel Hill South
Italian Village Pizza,Lincoln-Lemington-Belmar
J & J Poke,Central Oakland
J & J's  Restaurant,Mount Washington
J B Pizza,Overbrook
J Gough's Tavern,Greenfield
Jack's Rose Bar,South Side Flats
Jeckyl & Hyde,South Side Flats
Jays Lounge,Middle Hill
Jerome Bettis' Grill #36,North Shore
Jerry's Pizzeria,Middle Hill
Jim Beam Left-Field Lounge,North Shore
Jimmy & Nino Sunseri's,Strip District
Jimmy John's,Larimer
Jimmy John's,Central Business District
Jimmy John's #1491,Central Business District
Jimmy John's #2190,South Side Flats
Jimmy D'S,South Side Flats
Jimmy John's #2825,Central Business District
Jimmy John's #2865,Squirrel Hill North
Jimmy John's Sandwich Shop,Central Oakland
Jitters Cafe & Ice Cream,Shadyside
Joe & Pie,Central Business District
Joe's Crab Shack,South Shore
Johnny's Diner,West End
Jolinaâs Mediterranean Cuisine,Brookline
Jonny's Bar,Mount Washington
K & M Pub,South Side Slopes
K & T  Fish & Chicken,North Oakland
KBox,North Oakland
Kelly's Korner,Central Lawrenceville
Karwoskis Tavern,South Side Flats
Ka Mei,Squirrel Hill South
Kassab's Restaurant,South Side Flats
Joseph Tambellini Restaurant,Highland Park
Kabab & Curry,Banksville
Ka-fair,Morningside
Kaffeehaus,East Allegheny
Jozsa Corner,Hazelwood
Kavsar,Mount Washington
Kaya,Strip District
Kelly O's Diner in the Strip,Strip District
Kellys Bar,Shadyside
Khalil's II Restaurant ,Bloomfield
Kentucky Fried Chicken #53,Carrick
Kentucky Fried Chicken #69,Bloomfield
Kevin's Deli,North Oakland
Keystone Cafe,Central Business District
Kiin Lao & Thai Eatery,Squirrel Hill South
Kiku Japanese Restaurant,South Shore
Ki Pollo,Central Lawrenceville
Ki Ramen ,Central Lawrenceville
Kickback Cafe,Central Lawrenceville
Kingfly Spirits,Strip District
Kopy's Bar,South Side Flats
Klavon's Ice Cream Parlor,Strip District
Koala Cafe',Central Lawrenceville
Korea Garden Restaurant,Central Oakland
Krazy Karen's Cafe & Galleria,East Allegheny
Krista's Cantina,Marshall-Shadeland
La Bella Pizza & Gyro,Beltzhoover
La Cocina de Bety,Beechview
La Gondola,Central Business District
La Gourmandine ,Central Business District
La Nova Pizzeria,East Allegheny
La Prima Espresso,Strip District
La Prima Espresso@ AC Hotel,Strip District
La Tavola Italiana,Mount Washington
Le Petit Chocolat & Cafe,South Side Flats
Lava Lounge,South Side Flats
La Palapa ,South Side Flats
Lady Di Lounge,East Hills
LaScola's Italian Ice,Highland Park
Larry & Carol's Pizza,Central Oakland
Las Velas,Central Business District
Le Mardi Gras,Shadyside
LeMont Restaurant,Mount Washington
Leaf & Bean,Strip District
Lee's Bar & Grill,Knoxville
Lefty's In The Strip,Strip District
Legends Tavern,Carrick
Legends of the North Shore,East Allegheny
Legume Bistro / Butterjoint,North Oakland
Leiserv Snack Bar,Lincoln Place
Leon's Caribbean Restaurant,Allentown
Lillen's Restaurant,East Allegheny
Lola's Eatery @ Engine House 25,Lower Lawrenceville
Lindo's Restaurant,Allegheny West
Local Bar & Kitchen,South Side Flats
Little Asia,North Oakland
Little Tokyo Bistro,South Side Flats
Little Bangkok in the Strip,Strip District
Lin's Asian Fusion,South Side Flats
Little Nippers II,North Oakland
Lola Bistro,Central Northside
Lombardozzi's,Bloomfield
Lotsa Stone Fired Pizza,South Side Flats
Lorenz Cafe,Elliott
Los Cabos Mexican Restaurant,Bloomfield
Lot 17,Bloomfield
Lotsa Stone Fired Pizza,Central Oakland
Lytle Cafe,Hazelwood
Lou's Little Corner Bar,Bloomfield
Lounge 7101 2nd Time Around,Homewood North
Love Ramen ,Central Oakland
Love Tea,Central Oakland
Lucca Ristorante & Wine Bar,North Oakland
Luke Wholey's Wild Alaska Grill,Strip District
Lulu's Noodles / Yumwok,North Oakland
Macaron Bar East Liberty,East Liberty
Mansions on Fifth Hotel Oak Room Pub,Shadyside
Mad Mex,Central Oakland
Mad Mex Waterworks,Lincoln-Lemington-Belmar
Madonna's Mediterranean Cuisine,Central Business District
Magee Garden View CafÃ© / Nakama Express,South Oakland
Maggies Farm Rum Tasting Room,Strip District
Maiku Sushi,Strip District
Mad Noodles ,South Side Flats
Mallorca,South Side Flats
Mad Mex,East Liberty
Mama Lucia Restaurant,Central Business District
Mana Boardgame Tavern,Allegheny West
Manor Theatre,Squirrel Hill South
Mario's East Side Saloon & Restaurant,Shadyside
Mario's Oakland Saloon & Restaurant,Central Oakland
Mass Mutual Pittsburgh Ice Rink Snack Bar ,Mount Washington
Mark's Grille,South Side Flats
Market C @ Comcast,Sheraden
Market Street Grocery,Central Business District
Marshall's Lounge,Brookline
McArdle Tavern,South Side Flats
Masala House Indian Bistro,Shadyside
McCormick & Schmicks Seafood & Steaks ,South Side Flats
Mario's South Side Saloon & Restaurant ,South Side Flats
Max's Allegheny Tavern,East Allegheny
McCormick & Schmick's Seafood Restaurant,Central Business District
McDonald's,Chateau
McDonald's,Central Business District
McDonald's ,Central Business District
McDonalds #7560,Knoxville
McDonald's #1862,Central Oakland
McDonald's #4817,East Liberty
McDonald's #33806,Lincoln-Lemington-Belmar
McDonald's ,East Liberty
McDonald's #5834,Beechview
Meat & Potatoes,Central Business District
Mediterranean Grill,Squirrel Hill North
Mi Empanada ,Central Lawrenceville
Mei-Mei's Mandarin Gourmet,Central Business District
Merchant Oyster Co,Central Lawrenceville
Mia Madre Trattoria,Perry South
Mellon Client Services Center,Central Business District
Michael's Pizza Bar,South Side Flats
Melrose Tavern,Carrick
Mercurio's Gelato & Pizza,Shadyside
Mesa,North Oakland
Metro Eats,Chateau
Mezbaan Indian ,Central Business District
Mia Pizza,Bloomfield
Micro Diner,Mount Washington
Mike & Tony's Shishkabob & Gyro,Central Business District
Mike's Beer Bar,North Shore
Millie's Homemade Ice Cream - Lawrenceville,Lower Lawrenceville
Mike & Tony's Shishkabob,South Side Flats
Milky Way / Grilliance,Squirrel Hill South
Millie's Scoop Shop,Shadyside
Miller's Seafood House,Brighton Heights
Millie's Homemade @ Pitt North Holland Hall Store on 5th,North Oakland
Millie's Homemade Ice Cream,Central Business District
Mineo's Pizza,Oakwood
Mineo's Pizza House ,Squirrel Hill South
Mirage Bar & Grill,Brookline
Mitchell's Bar & Restaurant,Central Business District
Mitchell's Tavern / Turkish Grille,North Oakland
Mixtape,Garfield
Moderation,Carrick
Modern Cafe,Allegheny West
Moe's Southwest Grill,Central Business District
Molinaro,Central Business District
Mon Aimee Chocolat,Strip District
Morcilla,Lower Lawrenceville
Mola Restaurant,East Liberty
Monterey Bay Fish Grotto,Duquesne Heights
Monterey Pub,Central Northside
Moonlite Cafe,Brookline
Morton's The Steakhouse ,Central Business District
Mount Everest ,Central Oakland
Mozart Room @ Heinz Hall,Central Business District
Mr. D's Fish & Chicken,Crawford-Roberts
Mt Washington Dugout Deli,Mount Washington
Muddy Cup Beechview,Beechview
Mullaney's Harp & Fiddle,Strip District
Mullen's Bar & Grill,North Shore
Nakama Japanese Steakhouse & Sushi Bar,South Side Flats
Napoli Pizzaria ,Squirrel Hill South
Mullin's Diner,North Shore
Nadine's,South Side Flats
Murray Ave Grill,Squirrel Hill South
Naka End Zone,Crafton Heights
Musa Grill ,Beechview
NaNa's Place By Gibsons,Bloomfield
Nagel's,Arlington
Nak Won Garden,Shadyside
Nana's New York Hot Dog Shop,Central Northside
New Amsterdam,Central Lawrenceville
NatuRoll Creamery Lawrenceville,Central Lawrenceville
New China Inn,North Oakland
Nepali Asian Restaurant,Carrick
Nellie's Deli & Sandwiches,Central Oakland
Over Eden @ TRYP Hotel ,Central Lawrenceville
PNC Park / 05.28.01 Quaker Steak & Lube #322,North Shore
PPG PAINTS Arena Key Bank Club Bistro #103,Crawford-Roberts
Papa Allen's / Cafe de Paris ,Central Business District
Panther House Bar and Grill,Central Oakland
Papa John's Pizza #344,Bloomfield
Petersen Events Ctr / Food Court,North Oakland
Pitt's Dogg'n It,Shadyside
Pitt Dining Petersen Sports Complex ,Terrace Village
Pittsburgh Golf Club Cafe,Squirrel Hill North
Pittsburgh Golf Club Restaurant,Squirrel Hill North
Pittsburgh Playhouse Cafe,Central Business District
Pittsburgh Playhouse Lobby Bar,Central Business District
Pittza Pizza,Central Oakland
Pittsburgh Fish & Chicken,Hazelwood
Pizza 412,Overbrook
Pizza Bellagio,North Oakland
Pizza Bellino,Squirrel Hill North
Pizza Bosa ,Crawford-Roberts
Pizza Care ,Crawford-Roberts
Pizza Fiesta,Central Business District
Pizza Fiesta #2,Garfield
Pizza Hut #033983,Carrick
Pizza Hut #033986,Bloomfield
Pizza Italia,Bloomfield
Pizza Hut #033982,South Side Flats
Pizza Milano,Bluff
Pizza Palermo,Shadyside
Pizza Perfectta,Shadyside
Pizza Taglio,East Liberty
Pizza Parma,Shadyside
Pizza Parma,Central Business District
Pizza Paul's,Bluff
Pizza Pronto,North Oakland
Pizza Romano,Central Oakland
Pizza Shack,Beltzhoover
Pizzaiolo Primo,Central Business District
Pope's Place ,Polish Hill
Pizzuvio @ Tower Two-Sixty,Central Business District
Pleasure Bar Restaurant,Bloomfield
Poulet Bleu,Lower Lawrenceville
Popeye's Louisiana Kitchen,Central Oakland
Popeye's Louisiana Kitchen,South Side Flats
Point Brugge Cafe,Point Breeze
Pork & Beans,Central Business District
Porked Lincoln Place ,Lincoln Place
Portofino's Pizza & Pasta,Bon Air
Potenza Pizza & Pasta,Bloomfield
Preeti's Pitt,Strip District
Primanti Bros Bar & Restaurant,Strip District
Primanti Brothers Bar & Grill,Central Business District
Primanti Brothers Restaurant,Central Oakland
Qdoba Mexican Grill SSW,South Side Flats
Primanti Brothers,South Side Flats
Prince Of India,Central Oakland
Primanti Brothers ,Garfield
Proper Brick Oven & Tap Room,Central Business District
QDoba,Central Business District
Qdoba #487,Central Business District
Quik-It Chicken @ Valero Fueland,California-Kirkbride
Quiznos Subs #8721,North Oakland
Ralph's Bar,Knoxville
Ramen Bar,Squirrel Hill South
Real Luck Cafe,Strip District
Reed & Co,Central Lawrenceville
Red Ring Restaurant ,Bluff
Remedy Restaurant & Lounge,Upper Lawrenceville
Red & Irene's Tavern,South Side Flats
Remember When,Windgap
Red Dragon ,Shadyside
Red Star Kombucha,Larimer
Redbeard's Bar & Grill,Mount Washington
Redbeard's On Sixth,Central Business District
Redfin Blues,Troy Hill
Reds Good News,Brookline
Reed Smith / The Lion's Den,Central Business District
Refucilo Winery,Allegheny West
Reis & Irvy's Froyo @ Carnegie Science Center,Chateau
Residence Inn Oakland / Restaurant,Upper Hill
Rick's Cabaret & Sports Bar,Central Business District
Revel & Roost,Central Business District
Ribs n Bread,Bloomfield
Rex Theater ,South Side Flats
Rialto Pizza,Greenfield
Riggs Lounge & Restaurant,Central Northside
Rita's Italian Ice,Central Oakland
Rita's Italian Ice,Squirrel Hill South
Ritter's Diner Restaurant,Bloomfield
Riverhounds Concession #1,South Shore
Riverhounds Concession #2,South Shore
Riverhounds Concession #3,South Shore
Rivers Casino / 44Six Club,Chateau
Rivers Casino / Andrews Steak and Seafood,Chateau
Rivers Casino / Casino Service Bar #1,Chateau
Rivers Casino / Casino Service Bar #2,Chateau
Rivers Casino / Casino Service Bar #3,Chateau
Rivers Casino / Ciao Restaurant,Chateau
Rivers Casino / Drum Bar,Chateau
Rivers Casino / Flipt,Chateau
Rivers Casino / Grand View Buffet Ser #2,Chateau
Rivers Casino / Grand View Restaurant Serv Kit&Bar,Chateau
Rivers Casino / Levels Bar,Chateau
Rivers Casino / Self Serve Comp Bev Station North,Chateau
Rivers Casino / Spiral Bar,Chateau
Rivers Casino / Sportsbook Bar,Chateau
Rivers Casino / Team Dining Room,Chateau
Rivers Casino / Wheelhouse,Chateau
Rivers Casino /Grand View Buffet Production Kitche,Chateau
Rivers Casino /Self Serv Compl Beve Station East,Chateau
Riverside Terrace ,North Shore
Riverview Cafe @ Carnegie Science Center,Chateau
Riverview Towers Dinner Program / Our Store-Riverview Apts,Squirrel Hill South
Riviera Pizza,Spring Garden
Robinson's Bar & Grill,Marshall-Shadeland
Rock Room,Polish Hill
Rocky's Restaurant,Bloomfield
Roland's Seafood Grill,Strip District
Rosso Pizzeria,Central Business District
Romulus Pizza al Taglio @ PA Market ,Strip District
Ron's Pizza Palace,Troy Hill
Roots Natural Kitchen,Central Oakland
Rose Tea Cafe,Squirrel Hill South
Rose Tea Cafe Express,North Oakland
Roundabout Brewery,Central Lawrenceville
Rugger's Pub,South Side Flats
Row House Cinema / Bierport,Central Lawrenceville
Rosing Lounge,Homewood North
Rowdy BBQ,Beltzhoover
Roxanne's @ Schenley Park Ice Skating Rink,Squirrel Hill South
Royal Place,Overbrook
Rumerz Restaurant & Pizza,Brighton Heights
Ruth's Chris Steak House,Central Business District
S & D Polish Deli,Strip District
S A Pizza,West End
SAP Ariba Bistro,North Shore
SEIber CafÃ©,North Oakland
SMOKE BarBeque Taqueria,Central Lawrenceville
Saikou Sushi @ Kuhn's Market,Banksville
Sakura Teppanyaki & Sushi,Squirrel Hill South
Salems Cafe & Event Center,Strip District
Salem's Halal Restaurant ,Strip District
Scenario,South Side Flats
Salim's Middle Eastern Foods,Bloomfield
Sal's Pizzeria,South Side Flats
Salonika Gyro's,Central Business District
Salt Cafe,North Oakland
Salud Juicery Oakland,Central Oakland
Salud Juicery Shadyside,Shadyside
Sam's Sun Sandwiches,Carrick
Sammy's,Central Business District
Sammy's Pizza,Westwood
Sanremo,Central Business District
Satalio's,Mount Washington
Savoy,Strip District
Savvy,Perry South
Scarpaci's,Mount Washington
Schenley Park Visitor Center,Squirrel Hill South
Sciulli's Pizza,Central Oakland
Scoops In Bloomfield,Bloomfield
Scoops On The Boulevard,Brookline
Scratch Food & Beverage,Troy Hill
Senti ,Lower Lawrenceville
Selami's Turkish Kebab House,Friendship
Senor Frog Tavern & Restaurant,Beechview
Senyai Thai Kitchen,Shadyside
Sesame Garden,Mount Washington
Seven,Central Business District
Shady Grove Restaurant & Bar,Shadyside
Shadyside Hideaway Bar,Shadyside
Shale's Cafe,Bluff
Sheraton Station Sq / Bar,South Shore
Sheraton Station Sq / Employee Cafeteria,South Shore
Sharp Edge Bistro,Central Business District
Sheraton Station Sq / Main Kitchen-Banquet,South Shore
Sharpsburg Veterans Assoc,Central Lawrenceville
Sheraton Station Sq / Station Break-Link Cafe,South Shore
Sheraton Station Sq / Trackside Restaurant,South Shore
Sharpsburger,Central Lawrenceville
Shiek's Place,Bloomfield
Shiloh Grill,Mount Washington
Shirl The Pearls,Middle Hill
Showcase BBQ,Homewood West
Siam Thai Restaurant,Central Business District
Sichuan Gourmet,Central Oakland
Sichuan Gourmet,Squirrel Hill South
Siempre Algo,East Allegheny
"Sienna Mercato ( Emporio, Mezzo, & Il Tetto )",Central Business District
Sienna on the Square,Central Business District
Silk Elephant,Squirrel Hill South
Silky's Pub,Bloomfield
Simmie's Restaurant / Frankstown Fish Co.,East Hills
Sinful Sweets,Central Business District
SoHo Restaurant,North Shore
Skilled Game Cafe,Brookline
Smokin' Joe's Saloon,South Side Flats
Smiling Moose,South Side Flats
Sincerely Yogurt,South Side Flats
Slice On Broadway,North Shore
Smitty's Grill,Sheraden
Slice on Broadway,Beechview
Slice on Broadway,Shadyside
Slicks Capitol Bar & Grill,Brookline
Smiling Banana Leaf,Highland Park
Sloppy Joe's Cafe,Mount Washington
Sly Fox Taphouse ,Central Business District
Smallman Galley,Strip District
Smallman Street Deli,Strip District
Smokin' Brews ,Bloomfield
SoFresh,Central Business District
Soba Lounge / UMI,Shadyside
Social ,Larimer
Social House,Central Business District
Soju,Garfield
Sokol Club,South Side Flats
Sonny's Tavern,Bloomfield
Spirit Lodge / Slice Island Pizza,Central Lawrenceville
Southside Works Cinema,South Side Flats
Sophie's Saloon,Carrick
Southside BBQ Company,South Side Flats
Sorrento's Pizza Roma,Central Oakland
Soul & Sea,South Side Flats
Souper Bowl,Bluff
South Hills Italian Club,Carrick
Southern Tier Brewing Co,North Shore
Spak Brothers Pizza & More,Garfield
Spearmint Rhino Gentlemen's Club,Chateau
Spice Island Tea House ,Central Oakland
Spin Bartini / Element ,Shadyside
Spirits & Tales @ The Oaklander Hotel Restaurant,North Oakland
Spoon / BRGR,East Liberty
Springhill Suites Restaurant & Lounge ,Larimer
Spork Pit,Garfield
Spring Hill Brewing,Spring Hill-City View
Stagioni,South Side Flats
Spork,Bloomfield
Squirrel Hill Cafe,Squirrel Hill South
Squirrel Hill Sports Bar,Squirrel Hill South
Sree's Foods,Central Business District
Sree's Foods,Central Business District
St Nicholas Cathedral,North Oakland
Stack'D Burgers & Beer ,Shadyside
Stack'd Burgers & Beer,Central Oakland
Stage AE / Backstage Kitchen RM#110,North Shore
Stage AE / Beer Wall,North Shore
Stage AE / Concession #131,North Shore
Stage AE / Lounge RM #201,North Shore
Stage AE / Main Bar #134,North Shore
Staghorn Home & Garden Cafe,Greenfield
Standard Market & Pint House,Central Business District
Starbucks Coffee #7749,Bloomfield
Subway ,Carrick
Station,Bloomfield
Steel Cactus,Shadyside
Steel Cactus ,North Shore
Stinky's Bar & Grill,Central Lawrenceville
Streets on Carson,South Side Flats
Steel Cactus,South Side Flats
Steeler Training Facility / UPMC Rooney Sports Complex,South Side Flats
Sub Zero Nitrogen Ice Cream,Shadyside
Strange Roots Experimental Ales,East Allegheny
Street Food's World,Central Business District
Stuff'd Pierogi Bar,Central Business District
Subba's Asian Restaurant ,East Allegheny
Subway Sandwich & Salads,Lincoln-Lemington-Belmar
Subway Sandwiches & Salads,Shadyside
Subway #10279,Central Lawrenceville
Subway Sandwiches & Salads,Allegheny West
Subway Sandwiches & Salads #4495,East Liberty
Subway Sandwiches & Salads,North Oakland
Subway Sandwiches & Salads,Central Business District
Subway Sandwiches & Salads,Central Oakland
Subway Sandwiches & Salads,Central Business District
Subway Sandwiches & Salads,Central Business District
Subway Sandwiches & Salads,Central Business District
Subway Sandwiches & Salads ,Central Business District
Subway Sandwiches & Salads #10396,Greenfield
Subway Sandwiches & Salads #21001,Central Business District
Subway Sandwiches & Salads #28390,Bloomfield
Subway Sandwiches & Salads #30056,Brookline
Subway Sandwiches & Salads #31579,East Allegheny
Subway Sandwiches & Salads #32741,Banksville
Subway Sandwiches & Salads #32742,Point Breeze
Subway Sandwiches & Salads #35690,South Shore
Subway Sandwiches & Salads #41022,Mount Washington
Summer of Soft-Serve,Larimer
Subway Sandwiches & Salads #6338,Bluff
Subway Sandwiches & Salads #7389,Central Business District
Sumi's Cakery,Squirrel Hill South
Supper on Penn,Strip District
Sushi & Roll,Central Business District
Sushi Fuku,Central Oakland
Sushi Fuku #2,North Oakland
Sushi Fuku @ UPMC Presbyterian,West Oakland
Sushi Kim,Strip District
Sushi Too,Shadyside
Sushic @ Giant Eagle #40,Shadyside
Switch Cafe,South Oakland
Szechuan Express,Central Oakland
T-Swirl Crepe,Squirrel Hill South
T-Swirl Crepe Kiosk,North Oakland
TWELVE Whiskey BBQ,South Side Flats
TFS Bar,South Side Flats
T.G.I. Friday's PPG Paints Arena,Crawford-Roberts
Szechuan Spice,Shadyside
Syn Taqueria & Pizzeria,East Liberty
TW Kitchen ,North Oakland
Taco Bell #033089,Lower Lawrenceville
Taco Bell #27626,Chateau
Ten Penny Restaurant,Central Business District
Te Cafe,Squirrel Hill South
Target Cafe #2757,East Liberty
Teppanyaki Kyoto Restaurant,Highland Park
Teutonia Mannerchor,East Allegheny
Tessaro's,Bloomfield
Terrene,South Shore
Tequila Cowboy / Little Red Corvette,North Shore
The Pita Pit,South Side Flats
The Pizza Stop,Lincoln Place
The Pittsburgh Juice Co,Lower Lawrenceville
The Pittsburgh Juice Co,Central Business District
The Porch At Schenley,North Oakland
The Rangos Giant Cinema @ Carnegie Science Center,Chateau
The River's Edge,Central Business District
The Rivers Club,Central Business District
The Round Corner Cantina,Lower Lawrenceville
The Pub Chip Shop & Just Good Donuts,South Side Flats
The Southside Sammich Shop,South Side Flats
The Scoop,Lincoln Place
The Simple Greek,Central Business District
The Speckled Egg,Central Business District
The Store on Webster,Middle Hill
The Summit,Mount Washington
The Tower @ PNC Plaza,Central Business District
The Twentieth Century Club,North Oakland
The Urban Tap,Shadyside
Thunderbird Cafe & Music Hall,Central Lawrenceville
The Vandal ,Central Lawrenceville
The Warehouse,Squirrel Hill South
The Vault Taproom,South Side Flats
The Warhol Cafe ,North Shore
The Urban Tap,South Side Flats
Tiki Lounge,South Side Flats
The Yard / Coach's,Shadyside
The Yard Gastropub,Central Business District
The Zenith,South Side Flats
Theater Square / Greer Cabaret Theater & Backstage Bar,Central Business District
There Ultra Lounge,Central Business District
Thirsty Scholar,Central Oakland
Threadbare Cider House,Spring Garden
Tim's Bar,Middle Hill
Tina's ,Bloomfield
Tocayo Taqueria,Shadyside
Tong Garden,Brookline
Tong's Cuisine,Central Oakland
Took Took 98,Squirrel Hill South
Top Shabu Shabu & Lounge,Central Oakland
Tres Rios,South Side Flats
Tootie's Famous Italian Beef,South Side Flats
Tower 29,Carrick
Twisted Frenchman / Garbarinoâs,East Liberty
Tram's Kitchen,Bloomfield
Tramps ,West End
Trattoria Saporito Gian,Strip District
Treats & Beans,Central Oakland
Tupelo Honey Teas Cafe,Central Business District
Turkish Kebab House ,Squirrel Hill North
Tuscan Cafe,Central Business District
Twister's Ice Cream,Bloomfield
Two Sisters PGH,Shadyside
UPMC / West End Cafe,Shadyside
UPMC Executive Kitchen 62nd Floor @ US Steel Tower ,Central Business District
UPMC Montefiore 7th Floor / Brick Side Eatery ,West Oakland
UPMC My Health Cafe 24th floor @ US Steel Tower ,Central Business District
V3 Flatbread Pizza,Central Lawrenceville
UPMC Presby / Falk Cafe,West Oakland
Upstairs Saloon / Arsenal Bowling Lanes,Central Lawrenceville
Umami,Lower Lawrenceville
Uber Advanced Technology Center ,Strip District
UUBU 6,South Side Slopes
Uncle Sam's Gourmet Subs,Squirrel Hill South
Uncle Sam's Sandwich Bar,Lincoln-Lemington-Belmar
Union Grill,North Oakland
Union Pie Company,Carrick
Union Standard,Central Business District
Universal Ventures,Beechview
University Club,North Oakland
Uptown Kitchen,Bluff
V3 Pizza ,Central Business District
Vallozzi's Pittsburgh / Earth Inspired Salads,Central Business District
Verdetto's Bar & Restaurant,East Allegheny
Victory Pointe ,South Side Flats
Vento's Pizza,East Liberty
Villa Reale,Central Business District
Village Tavern & Trattoria,West End
Vinny's Pizza & Pasta,Brookline
Vocelli #15,Bloomfield
Vocelli Pizza,Greenfield
Vue 412,Mount Washington
Walter's Southern Kitchen,Central Lawrenceville
Waffallonia ,Squirrel Hill South
Waffles Incaffeinated,South Side Flats
Walker's Pub,South Side Flats
Waffles Incaffeinated ,Central Business District
Wai Wai Chinese Cuisine ,Bloomfield
"Walid's Hook, Fish & Chicken ",Elliott
Walnut Grill Fox Chapel,Lincoln-Lemington-Belmar
Waterworks Cinemas,Lincoln-Lemington-Belmar
West End Cafe,West End
Wendy's Old Fashioned Hamburgers #520,Central Lawrenceville
Wendy's Old Fashioned Hamburgers #525,Chateau
Wendy's Old Fashioned Hamburger's,Westwood
Wendy's Old Fashioned Hamburgers #527,Bloomfield
Wendy's Old Fashioned Hamburgers #528,Lincoln-Lemington-Belmar
Wendy's Old Fashioned Hamburgers#544,Beechview
Wendy's Old-Fashioned Hamburgers #524,Squirrel Hill South
Westin Hotel / Main Restaurant - Penn City Grille ,Central Business District
Westin Hotel / Banquet Kitchen,Central Business District
Whoville's Bar / Carrick Classic Lanes,Carrick
White Eagle Inn,South Side Flats
Winghart's,South Side Flats
Wiener World ,Central Business District
Wings Over Pittsburgh Southside,South Side Flats
Wiggy's Restaurant,Oakwood
Wings & A Prayer ,Shadyside
Win-Green Bar & Grill,Greenfield
Wigle Whiskey Distillery & Tasting Room ,Strip District
Wigle Whiskey Garden & Barrelhouse ,Spring Garden
Wigle Whiskey Tasting Room & Bottle Shop ,Central Business District
William Penn Tavern,Shadyside
Wise Guys Pizza,Marshall-Shadeland
Wok & Grill,Central Business District
Wolfies Pub,Central Business District
Wyndham Grand / Employee Cafeteria,Central Business District
Wyndham Grand / The Ground Stop,Central Business District
Wyndham Grand / Three Rivers Bar,Central Business District
Wyndham Grand / Three Rivers Restaurant,Central Business District
Wyndham University Center / Bridges Restaurant & Lounge,North Oakland
Wyndham Grand / Banquet Kitchen,Central Business District
Zen Asian Diner,Upper Lawrenceville
Ye Allegheny Sandwich Shop,Allegheny West
Yan 2,South Side Flats
Zano's Pubhouse,Greenfield
Yinzburgh BBQ,Bloomfield
Yesterday's Bar & Restaurant,Greenfield
Yoshino,Shadyside
Young Brothers,Marshall-Shadeland
Young Choe's Market,Middle Hill
Yukiyama,Squirrel Hill South
Yuva India Indian Eatery,North Oakland
Yuzu Kitchen,Central Business District
Z-Best Barbeque Chicken & Ribs,Crawford-Roberts
Zarra's,North Oakland
Zeke's Bakery & Cafe,East Liberty
Zen's Noodle House ,Central Oakland
Zorba's Gyros,Central Business District
"or, The Whale / Distrikt Hotel ",Central Business District
